"filename", "language", "TypeScript", "TypeScript JSX", "CSS", "JavaScript", "JSON with Comments", "JSON", "Markdown", "Docker", "XML", "YAML", "comment", "blank", "total"
"/Users/remy_mac/Desktop/Code/Spash/spash-front-debug/Dockerfile", "Docker", 0, 0, 0, 0, 0, 0, 0, 7, 0, 0, 0, 1, 8
"/Users/remy_mac/Desktop/Code/Spash/spash-front-debug/README.md", "Markdown", 0, 0, 0, 0, 0, 0, 64, 0, 0, 0, 0, 16, 80
"/Users/remy_mac/Desktop/Code/Spash/spash-front-debug/docker-compose.yaml", "YAML", 0, 0, 0, 0, 0, 0, 0, 0, 0, 8, 0, 1, 9
"/Users/remy_mac/Desktop/Code/Spash/spash-front-debug/eslint.config.mjs", "JavaScript", 0, 0, 0, 12, 0, 0, 0, 0, 0, 0, 0, 5, 17
"/Users/remy_mac/Desktop/Code/Spash/spash-front-debug/next.config.ts", "TypeScript", 23, 0, 0, 0, 0, 0, 0, 0, 0, 0, 0, 3, 26
"/Users/remy_mac/Desktop/Code/Spash/spash-front-debug/package-lock 2.json", "JSON", 0, 0, 0, 0, 0, 5961, 0, 0, 0, 0, 0, 1, 5962
"/Users/remy_mac/Desktop/Code/Spash/spash-front-debug/package-lock.json", "JSON", 0, 0, 0, 0, 0, 5917, 0, 0, 0, 0, 0, 1, 5918
"/Users/remy_mac/Desktop/Code/Spash/spash-front-debug/package.json", "JSON", 0, 0, 0, 0, 0, 42, 0, 0, 0, 0, 0, 1, 43
"/Users/remy_mac/Desktop/Code/Spash/spash-front-debug/postcss.config.mjs", "JavaScript", 0, 0, 0, 6, 0, 0, 0, 0, 0, 0, 1, 2, 9
"/Users/remy_mac/Desktop/Code/Spash/spash-front-debug/public/svg/ball.svg", "XML", 0, 0, 0, 0, 0, 0, 0, 0, 1, 0, 0, 0, 1
"/Users/remy_mac/Desktop/Code/Spash/spash-front-debug/public/svg/logo.svg", "XML", 0, 0, 0, 0, 0, 0, 0, 0, 1, 0, 0, 1, 2
"/Users/remy_mac/Desktop/Code/Spash/spash-front-debug/public/svg/serve.svg", "XML", 0, 0, 0, 0, 0, 0, 0, 0, 41, 0, 1, 1, 43
"/Users/remy_mac/Desktop/Code/Spash/spash-front-debug/src/app/api/v1/files/[id]/route.ts", "TypeScript", 60, 0, 0, 0, 0, 0, 0, 0, 0, 0, 0, 10, 70
"/Users/remy_mac/Desktop/Code/Spash/spash-front-debug/src/app/api/v1/files/route.ts", "TypeScript", 65, 0, 0, 0, 0, 0, 0, 0, 0, 0, 0, 8, 73
"/Users/remy_mac/Desktop/Code/Spash/spash-front-debug/src/app/api/v1/proxy/route.ts", "TypeScript", 22, 0, 0, 0, 0, 0, 0, 0, 0, 0, 0, 1, 23
"/Users/remy_mac/Desktop/Code/Spash/spash-front-debug/src/app/api/v1/upload/route.ts", "TypeScript", 45, 0, 0, 0, 0, 0, 0, 0, 0, 0, 0, 8, 53
"/Users/remy_mac/Desktop/Code/Spash/spash-front-debug/src/app/debug/[id]/page.tsx", "TypeScript JSX", 0, 138, 0, 0, 0, 0, 0, 0, 0, 0, 0, 11, 149
"/Users/remy_mac/Desktop/Code/Spash/spash-front-debug/src/app/globals.css", "CSS", 0, 0, 237, 0, 0, 0, 0, 0, 0, 0, 0, 27, 264
"/Users/remy_mac/Desktop/Code/Spash/spash-front-debug/src/app/layout.tsx", "TypeScript JSX", 0, 67, 0, 0, 0, 0, 0, 0, 0, 0, 0, 5, 72
"/Users/remy_mac/Desktop/Code/Spash/spash-front-debug/src/app/page.tsx", "TypeScript JSX", 0, 8, 0, 0, 0, 0, 0, 0, 0, 0, 0, 2, 10
"/Users/remy_mac/Desktop/Code/Spash/spash-front-debug/src/components/PlayersPresenceTimeline/PlayersPresenceTimeline.tsx", "TypeScript JSX", 0, 149, 0, 0, 0, 0, 0, 0, 0, 0, 0, 16, 165
"/Users/remy_mac/Desktop/Code/Spash/spash-front-debug/src/components/StatsArray/PlayerStatsColumn.tsx", "TypeScript JSX", 0, 75, 0, 0, 0, 0, 0, 0, 0, 0, 0, 10, 85
"/Users/remy_mac/Desktop/Code/Spash/spash-front-debug/src/components/StatsArray/StatBlock.tsx", "TypeScript JSX", 0, 43, 0, 0, 0, 0, 0, 0, 0, 0, 0, 6, 49
"/Users/remy_mac/Desktop/Code/Spash/spash-front-debug/src/components/StatsArray/StatBlockSpacer.tsx", "TypeScript JSX", 0, 5, 0, 0, 0, 0, 0, 0, 0, 0, 0, 1, 6
"/Users/remy_mac/Desktop/Code/Spash/spash-front-debug/src/components/StatsArray/StatText.tsx", "TypeScript JSX", 0, 12, 0, 0, 0, 0, 0, 0, 0, 0, 0, 0, 12
"/Users/remy_mac/Desktop/Code/Spash/spash-front-debug/src/components/StatsArray/StatsArray.tsx", "TypeScript JSX", 0, 62, 0, 0, 0, 0, 0, 0, 0, 0, 2, 7, 71
"/Users/remy_mac/Desktop/Code/Spash/spash-front-debug/src/components/StatsArray/StatsCategoryColumn.tsx", "TypeScript JSX", 0, 20, 0, 0, 0, 0, 0, 0, 0, 0, 0, 3, 23
"/Users/remy_mac/Desktop/Code/Spash/spash-front-debug/src/components/StatsArray/StatsNameColumn.tsx", "TypeScript JSX", 0, 48, 0, 0, 0, 0, 0, 0, 0, 0, 0, 4, 52
"/Users/remy_mac/Desktop/Code/Spash/spash-front-debug/src/components/home/Home.tsx", "TypeScript JSX", 0, 123, 0, 0, 0, 0, 0, 0, 0, 0, 0, 13, 136
"/Users/remy_mac/Desktop/Code/Spash/spash-front-debug/src/components/home/VideoBtn.tsx", "TypeScript JSX", 0, 16, 0, 0, 0, 0, 0, 0, 0, 0, 0, 2, 18
"/Users/remy_mac/Desktop/Code/Spash/spash-front-debug/src/components/home/VideoList.tsx", "TypeScript JSX", 0, 13, 0, 0, 0, 0, 0, 0, 0, 0, 0, 1, 14
"/Users/remy_mac/Desktop/Code/Spash/spash-front-debug/src/components/timelines/AllTimelines.tsx", "TypeScript JSX", 0, 15, 0, 0, 0, 0, 0, 0, 0, 0, 0, 1, 16
"/Users/remy_mac/Desktop/Code/Spash/spash-front-debug/src/components/timelines/Timeline.tsx", "TypeScript JSX", 0, 86, 0, 0, 0, 0, 0, 0, 0, 0, 0, 18, 104
"/Users/remy_mac/Desktop/Code/Spash/spash-front-debug/src/components/timelines/TimelineChronology.tsx", "TypeScript JSX", 0, 101, 0, 0, 0, 0, 0, 0, 0, 0, 0, 18, 119
"/Users/remy_mac/Desktop/Code/Spash/spash-front-debug/src/components/timelines/TimelineControl.tsx", "TypeScript JSX", 0, 79, 0, 0, 0, 0, 0, 0, 0, 0, 0, 12, 91
"/Users/remy_mac/Desktop/Code/Spash/spash-front-debug/src/components/timelines/TimelineUI.tsx", "TypeScript JSX", 0, 8, 0, 0, 0, 0, 0, 0, 0, 0, 0, 1, 9
"/Users/remy_mac/Desktop/Code/Spash/spash-front-debug/src/components/toolBox/HomographyEditor.tsx", "TypeScript JSX", 0, 99, 0, 0, 0, 0, 0, 0, 0, 0, 0, 12, 111
"/Users/remy_mac/Desktop/Code/Spash/spash-front-debug/src/components/toolBox/KeyboardShortcuts.tsx", "TypeScript JSX", 0, 79, 0, 0, 0, 0, 0, 0, 0, 0, 0, 9, 88
"/Users/remy_mac/Desktop/Code/Spash/spash-front-debug/src/components/toolBox/ToolBox.tsx", "TypeScript JSX", 0, 20, 0, 0, 0, 0, 0, 0, 0, 0, 0, 3, 23
"/Users/remy_mac/Desktop/Code/Spash/spash-front-debug/src/components/toolBox/frameInfos/BallSection.tsx", "TypeScript JSX", 0, 33, 0, 0, 0, 0, 0, 0, 0, 0, 0, 2, 35
"/Users/remy_mac/Desktop/Code/Spash/spash-front-debug/src/components/toolBox/frameInfos/EventsSection.tsx", "TypeScript JSX", 0, 22, 0, 0, 0, 0, 0, 0, 0, 0, 0, 2, 24
"/Users/remy_mac/Desktop/Code/Spash/spash-front-debug/src/components/toolBox/frameInfos/FootballPlayersSection.tsx", "TypeScript JSX", 0, 45, 0, 0, 0, 0, 0, 0, 0, 0, 4, 5, 54
"/Users/remy_mac/Desktop/Code/Spash/spash-front-debug/src/components/toolBox/frameInfos/FrameHeader.tsx", "TypeScript JSX", 0, 21, 0, 0, 0, 0, 0, 0, 0, 0, 0, 2, 23
"/Users/remy_mac/Desktop/Code/Spash/spash-front-debug/src/components/toolBox/frameInfos/FrameInfos.tsx", "TypeScript JSX", 0, 35, 0, 0, 0, 0, 0, 0, 0, 0, 0, 4, 39
"/Users/remy_mac/Desktop/Code/Spash/spash-front-debug/src/components/toolBox/frameInfos/InfosSection.tsx", "TypeScript JSX", 0, 17, 0, 0, 0, 0, 0, 0, 0, 0, 0, 2, 19
"/Users/remy_mac/Desktop/Code/Spash/spash-front-debug/src/components/toolBox/frameInfos/PadelPlayersSection.tsx", "TypeScript JSX", 0, 47, 0, 0, 0, 0, 0, 0, 0, 0, 0, 4, 51
"/Users/remy_mac/Desktop/Code/Spash/spash-front-debug/src/components/toolBox/frameInfos/PerformanceSection.tsx", "TypeScript JSX", 0, 26, 0, 0, 0, 0, 0, 0, 0, 0, 0, 3, 29
"/Users/remy_mac/Desktop/Code/Spash/spash-front-debug/src/components/toolBox/radar/FootballRadar.tsx", "TypeScript JSX", 0, 51, 0, 0, 0, 0, 0, 0, 0, 0, 0, 11, 62
"/Users/remy_mac/Desktop/Code/Spash/spash-front-debug/src/components/toolBox/radar/PadelRadar.tsx", "TypeScript JSX", 0, 58, 0, 0, 0, 0, 0, 0, 0, 0, 0, 12, 70
"/Users/remy_mac/Desktop/Code/Spash/spash-front-debug/src/components/toolBox/toolboxControls/ControlBtn.tsx", "TypeScript JSX", 0, 18, 0, 0, 0, 0, 0, 0, 0, 0, 0, 3, 21
"/Users/remy_mac/Desktop/Code/Spash/spash-front-debug/src/components/toolBox/toolboxControls/GotoFrame.tsx", "TypeScript JSX", 0, 35, 0, 0, 0, 0, 0, 0, 0, 0, 0, 4, 39
"/Users/remy_mac/Desktop/Code/Spash/spash-front-debug/src/components/toolBox/toolboxControls/GotoPlayer.tsx", "TypeScript JSX", 0, 57, 0, 0, 0, 0, 0, 0, 0, 0, 0, 7, 64
"/Users/remy_mac/Desktop/Code/Spash/spash-front-debug/src/components/toolBox/toolboxControls/ToolBoxControls.tsx", "TypeScript JSX", 0, 124, 0, 0, 0, 0, 0, 0, 0, 0, 0, 20, 144
"/Users/remy_mac/Desktop/Code/Spash/spash-front-debug/src/components/ui/BackBtn.tsx", "TypeScript JSX", 0, 12, 0, 0, 0, 0, 0, 0, 0, 0, 0, 2, 14
"/Users/remy_mac/Desktop/Code/Spash/spash-front-debug/src/components/ui/ErrorMsg.tsx", "TypeScript JSX", 0, 7, 0, 0, 0, 0, 0, 0, 0, 0, 0, 0, 7
"/Users/remy_mac/Desktop/Code/Spash/spash-front-debug/src/components/ui/EventMarker.tsx", "TypeScript JSX", 0, 35, 0, 0, 0, 0, 0, 0, 0, 0, 0, 3, 38
"/Users/remy_mac/Desktop/Code/Spash/spash-front-debug/src/components/ui/Footer.tsx", "TypeScript JSX", 0, 22, 0, 0, 0, 0, 0, 0, 0, 0, 0, 1, 23
"/Users/remy_mac/Desktop/Code/Spash/spash-front-debug/src/components/ui/Loader.tsx", "TypeScript JSX", 0, 11, 0, 0, 0, 0, 0, 0, 0, 0, 0, 1, 12
"/Users/remy_mac/Desktop/Code/Spash/spash-front-debug/src/components/ui/Progress.tsx", "TypeScript JSX", 0, 20, 0, 0, 0, 0, 0, 0, 0, 0, 0, 1, 21
"/Users/remy_mac/Desktop/Code/Spash/spash-front-debug/src/components/ui/Spacer.tsx", "TypeScript JSX", 0, 5, 0, 0, 0, 0, 0, 0, 0, 0, 0, 1, 6
"/Users/remy_mac/Desktop/Code/Spash/spash-front-debug/src/components/ui/SwitchModeBtn.tsx", "TypeScript JSX", 0, 18, 0, 0, 0, 0, 0, 0, 0, 0, 0, 4, 22
"/Users/remy_mac/Desktop/Code/Spash/spash-front-debug/src/components/ui/accordion/Accordion.tsx", "TypeScript JSX", 0, 59, 0, 0, 0, 0, 0, 0, 0, 0, 0, 10, 69
"/Users/remy_mac/Desktop/Code/Spash/spash-front-debug/src/components/ui/accordion/AccordionItem.tsx", "TypeScript JSX", 0, 34, 0, 0, 0, 0, 0, 0, 0, 0, 0, 6, 40
"/Users/remy_mac/Desktop/Code/Spash/spash-front-debug/src/components/ui/icons/BallIcon.tsx", "TypeScript JSX", 0, 25, 0, 0, 0, 0, 0, 0, 0, 0, 0, 0, 25
"/Users/remy_mac/Desktop/Code/Spash/spash-front-debug/src/components/ui/icons/LobIcon.tsx", "TypeScript JSX", 0, 6, 0, 0, 0, 0, 0, 0, 0, 0, 0, 3, 9
"/Users/remy_mac/Desktop/Code/Spash/spash-front-debug/src/components/ui/icons/ServeIcon.tsx", "TypeScript JSX", 0, 31, 0, 0, 0, 0, 0, 0, 0, 0, 0, 0, 31
"/Users/remy_mac/Desktop/Code/Spash/spash-front-debug/src/components/upload/UploadZone.tsx", "TypeScript JSX", 0, 145, 0, 0, 0, 0, 0, 0, 0, 0, 0, 16, 161
"/Users/remy_mac/Desktop/Code/Spash/spash-front-debug/src/components/videoPlayer/KillFeed.tsx", "TypeScript JSX", 0, 68, 0, 0, 0, 0, 0, 0, 0, 0, 0, 12, 80
"/Users/remy_mac/Desktop/Code/Spash/spash-front-debug/src/components/videoPlayer/VideoPlayer.tsx", "TypeScript JSX", 0, 116, 0, 0, 0, 0, 0, 0, 0, 0, 0, 16, 132
"/Users/remy_mac/Desktop/Code/Spash/spash-front-debug/src/components/videoPlayer/layers/ButtonLayer.tsx", "TypeScript JSX", 0, 58, 0, 0, 0, 0, 0, 0, 0, 0, 0, 9, 67
"/Users/remy_mac/Desktop/Code/Spash/spash-front-debug/src/components/videoPlayer/layers/HomographyPoints.tsx", "TypeScript JSX", 0, 134, 0, 0, 0, 0, 0, 0, 0, 0, 0, 24, 158
"/Users/remy_mac/Desktop/Code/Spash/spash-front-debug/src/components/videoPlayer/layers/LayersMenu.tsx", "TypeScript JSX", 0, 60, 0, 0, 0, 0, 0, 0, 0, 0, 0, 4, 64
"/Users/remy_mac/Desktop/Code/Spash/spash-front-debug/src/components/videoPlayer/layers/ZoomWindow.tsx", "TypeScript JSX", 0, 58, 0, 0, 0, 0, 0, 0, 0, 0, 0, 10, 68
"/Users/remy_mac/Desktop/Code/Spash/spash-front-debug/src/components/videoPlayer/videoControls/MainTimeline.tsx", "TypeScript JSX", 0, 70, 0, 0, 0, 0, 0, 0, 0, 0, 0, 9, 79
"/Users/remy_mac/Desktop/Code/Spash/spash-front-debug/src/components/videoPlayer/videoControls/PlayPauseButton.tsx", "TypeScript JSX", 0, 20, 0, 0, 0, 0, 0, 0, 0, 0, 0, 2, 22
"/Users/remy_mac/Desktop/Code/Spash/spash-front-debug/src/components/videoPlayer/videoControls/PlaybackSpeed.tsx", "TypeScript JSX", 0, 20, 0, 0, 0, 0, 0, 0, 0, 0, 0, 2, 22
"/Users/remy_mac/Desktop/Code/Spash/spash-front-debug/src/components/videoPlayer/videoControls/TimeDisplay.tsx", "TypeScript JSX", 0, 16, 0, 0, 0, 0, 0, 0, 0, 0, 0, 2, 18
"/Users/remy_mac/Desktop/Code/Spash/spash-front-debug/src/components/videoPlayer/videoControls/VideoControls.tsx", "TypeScript JSX", 0, 82, 0, 0, 0, 0, 0, 0, 0, 0, 0, 12, 94
"/Users/remy_mac/Desktop/Code/Spash/spash-front-debug/src/context/accordion.ts", "TypeScript", 9, 0, 0, 0, 0, 0, 0, 0, 0, 0, 0, 2, 11
"/Users/remy_mac/Desktop/Code/Spash/spash-front-debug/src/context/canvas.ts", "TypeScript", 13, 0, 0, 0, 0, 0, 0, 0, 0, 0, 0, 3, 16
"/Users/remy_mac/Desktop/Code/Spash/spash-front-debug/src/context/editMode.ts", "TypeScript", 8, 0, 0, 0, 0, 0, 0, 0, 0, 0, 0, 1, 9
"/Users/remy_mac/Desktop/Code/Spash/spash-front-debug/src/context/frame.ts", "TypeScript", 28, 0, 0, 0, 0, 0, 0, 0, 0, 0, 0, 3, 31
"/Users/remy_mac/Desktop/Code/Spash/spash-front-debug/src/context/homographyPoints.ts", "TypeScript", 16, 0, 0, 0, 0, 0, 0, 0, 0, 0, 0, 3, 19
"/Users/remy_mac/Desktop/Code/Spash/spash-front-debug/src/context/layers.ts", "TypeScript", 22, 0, 0, 0, 0, 0, 0, 0, 0, 0, 0, 2, 24
"/Users/remy_mac/Desktop/Code/Spash/spash-front-debug/src/context/mode.ts", "TypeScript", 14, 0, 0, 0, 0, 0, 0, 0, 0, 0, 0, 6, 20
"/Users/remy_mac/Desktop/Code/Spash/spash-front-debug/src/context/performance.ts", "TypeScript", 14, 0, 0, 0, 0, 0, 0, 0, 0, 0, 0, 2, 16
"/Users/remy_mac/Desktop/Code/Spash/spash-front-debug/src/context/sport.ts", "TypeScript", 12, 0, 0, 0, 0, 0, 0, 0, 0, 0, 0, 3, 15
"/Users/remy_mac/Desktop/Code/Spash/spash-front-debug/src/context/store.ts", "TypeScript", 14, 0, 0, 0, 0, 0, 0, 0, 0, 0, 0, 2, 16
"/Users/remy_mac/Desktop/Code/Spash/spash-front-debug/src/context/timeline.ts", "TypeScript", 9, 0, 0, 0, 0, 0, 0, 0, 0, 0, 0, 3, 12
"/Users/remy_mac/Desktop/Code/Spash/spash-front-debug/src/hooks/useHomographyPointsDrag.ts", "TypeScript", 34, 0, 0, 0, 0, 0, 0, 0, 0, 0, 0, 5, 39
"/Users/remy_mac/Desktop/Code/Spash/spash-front-debug/src/hooks/useKeyboardShortcuts.ts", "TypeScript", 76, 0, 0, 0, 0, 0, 0, 0, 0, 0, 0, 8, 84
"/Users/remy_mac/Desktop/Code/Spash/spash-front-debug/src/hooks/useVideoPlayer.ts", "TypeScript", 40, 0, 0, 0, 0, 0, 0, 0, 0, 0, 0, 6, 46
"/Users/remy_mac/Desktop/Code/Spash/spash-front-debug/src/lib/utils.ts", "TypeScript", 5, 0, 0, 0, 0, 0, 0, 0, 0, 0, 0, 2, 7
"/Users/remy_mac/Desktop/Code/Spash/spash-front-debug/src/types/draw.ts", "TypeScript", 11, 0, 0, 0, 0, 0, 0, 0, 0, 0, 0, 1, 12
"/Users/remy_mac/Desktop/Code/Spash/spash-front-debug/src/types/events.ts", "TypeScript", 9, 0, 0, 0, 0, 0, 0, 0, 0, 0, 0, 2, 11
"/Users/remy_mac/Desktop/Code/Spash/spash-front-debug/src/types/files.ts", "TypeScript", 225, 0, 0, 0, 0, 0, 0, 0, 0, 0, 0, 10, 235
"/Users/remy_mac/Desktop/Code/Spash/spash-front-debug/src/types/layers.ts", "TypeScript", 17, 0, 0, 0, 0, 0, 0, 0, 0, 0, 0, 3, 20
"/Users/remy_mac/Desktop/Code/Spash/spash-front-debug/src/types/performance.ts", "TypeScript", 4, 0, 0, 0, 0, 0, 0, 0, 0, 0, 0, 0, 4
"/Users/remy_mac/Desktop/Code/Spash/spash-front-debug/src/types/stats.ts", "TypeScript", 29, 0, 0, 0, 0, 0, 0, 0, 0, 0, 0, 3, 32
"/Users/remy_mac/Desktop/Code/Spash/spash-front-debug/src/types/upload.ts", "TypeScript", 14, 0, 0, 0, 0, 0, 0, 0, 0, 0, 0, 1, 15
"/Users/remy_mac/Desktop/Code/Spash/spash-front-debug/src/utils/calculateDistance.ts", "TypeScript", 8, 0, 0, 0, 0, 0, 0, 0, 0, 0, 0, 1, 9
"/Users/remy_mac/Desktop/Code/Spash/spash-front-debug/src/utils/calculateFootFieldSize.ts", "TypeScript", 18, 0, 0, 0, 0, 0, 0, 0, 0, 0, 0, 10, 28
"/Users/remy_mac/Desktop/Code/Spash/spash-front-debug/src/utils/drawing/boundingBox.ts", "TypeScript", 25, 0, 0, 0, 0, 0, 0, 0, 0, 0, 0, 3, 28
"/Users/remy_mac/Desktop/Code/Spash/spash-front-debug/src/utils/drawing/canvas.ts", "TypeScript", 18, 0, 0, 0, 0, 0, 0, 0, 0, 0, 0, 2, 20
"/Users/remy_mac/Desktop/Code/Spash/spash-front-debug/src/utils/drawing/colors.ts", "TypeScript", 15, 0, 0, 0, 0, 0, 0, 0, 0, 0, 0, 3, 18
"/Users/remy_mac/Desktop/Code/Spash/spash-front-debug/src/utils/drawing/config.ts", "TypeScript", 20, 0, 0, 0, 0, 0, 0, 0, 0, 0, 0, 3, 23
"/Users/remy_mac/Desktop/Code/Spash/spash-front-debug/src/utils/drawing/drawBall.ts", "TypeScript", 33, 0, 0, 0, 0, 0, 0, 0, 0, 0, 0, 8, 41
"/Users/remy_mac/Desktop/Code/Spash/spash-front-debug/src/utils/drawing/drawFrames.ts", "TypeScript", 15, 0, 0, 0, 0, 0, 0, 0, 0, 0, 0, 2, 17
"/Users/remy_mac/Desktop/Code/Spash/spash-front-debug/src/utils/drawing/drawHomography.ts", "TypeScript", 28, 0, 0, 0, 0, 0, 0, 0, 0, 0, 0, 5, 33
"/Users/remy_mac/Desktop/Code/Spash/spash-front-debug/src/utils/drawing/drawRadar.ts", "TypeScript", 42, 0, 0, 0, 0, 0, 0, 0, 0, 0, 0, 9, 51
"/Users/remy_mac/Desktop/Code/Spash/spash-front-debug/src/utils/drawing/drawSportElements.ts", "TypeScript", 28, 0, 0, 0, 0, 0, 0, 0, 0, 0, 0, 3, 31
"/Users/remy_mac/Desktop/Code/Spash/spash-front-debug/src/utils/drawing/foot/drawFootElements.ts", "TypeScript", 41, 0, 0, 0, 0, 0, 0, 0, 0, 0, 0, 11, 52
"/Users/remy_mac/Desktop/Code/Spash/spash-front-debug/src/utils/drawing/foot/players/drawFootBboxPlayer.ts", "TypeScript", 65, 0, 0, 0, 0, 0, 0, 0, 0, 0, 0, 15, 80
"/Users/remy_mac/Desktop/Code/Spash/spash-front-debug/src/utils/drawing/foot/processFootMainLayer.ts", "TypeScript", 44, 0, 0, 0, 0, 0, 0, 0, 0, 0, 0, 1, 45
"/Users/remy_mac/Desktop/Code/Spash/spash-front-debug/src/utils/drawing/padel/areas/drawAreas.ts", "TypeScript", 141, 0, 0, 0, 0, 0, 0, 0, 0, 0, 0, 30, 171
"/Users/remy_mac/Desktop/Code/Spash/spash-front-debug/src/utils/drawing/padel/ball/drawBallTrajectory.ts", "TypeScript", 57, 0, 0, 0, 0, 0, 0, 0, 0, 0, 0, 15, 72
"/Users/remy_mac/Desktop/Code/Spash/spash-front-debug/src/utils/drawing/padel/ball/drawBounces.ts", "TypeScript", 62, 0, 0, 0, 0, 0, 0, 0, 0, 0, 0, 19, 81
"/Users/remy_mac/Desktop/Code/Spash/spash-front-debug/src/utils/drawing/padel/ball/drawNextReboundPrediction.ts", "TypeScript", 26, 0, 0, 0, 0, 0, 0, 0, 0, 0, 0, 8, 34
"/Users/remy_mac/Desktop/Code/Spash/spash-front-debug/src/utils/drawing/padel/drawPadelElements.ts", "TypeScript", 61, 0, 0, 0, 0, 0, 0, 0, 0, 0, 0, 11, 72
"/Users/remy_mac/Desktop/Code/Spash/spash-front-debug/src/utils/drawing/padel/players/drawBboxPlayer.ts", "TypeScript", 74, 0, 0, 0, 0, 0, 0, 0, 0, 0, 0, 17, 91
"/Users/remy_mac/Desktop/Code/Spash/spash-front-debug/src/utils/drawing/padel/players/drawCumulativeDistances.ts", "TypeScript", 33, 0, 0, 0, 0, 0, 0, 0, 0, 0, 0, 7, 40
"/Users/remy_mac/Desktop/Code/Spash/spash-front-debug/src/utils/drawing/padel/players/drawHits.ts", "TypeScript", 66, 0, 0, 0, 0, 0, 0, 0, 0, 0, 0, 21, 87
"/Users/remy_mac/Desktop/Code/Spash/spash-front-debug/src/utils/drawing/padel/players/drawPlayerDistance.ts", "TypeScript", 33, 0, 0, 0, 0, 0, 0, 0, 0, 0, 0, 8, 41
"/Users/remy_mac/Desktop/Code/Spash/spash-front-debug/src/utils/drawing/padel/players/drawPlayerTrajectories.ts", "TypeScript", 54, 0, 0, 0, 0, 0, 0, 0, 0, 0, 0, 15, 69
"/Users/remy_mac/Desktop/Code/Spash/spash-front-debug/src/utils/drawing/padel/players/drawTeamDistances.ts", "TypeScript", 33, 0, 0, 0, 0, 0, 0, 0, 0, 0, 0, 3, 36
"/Users/remy_mac/Desktop/Code/Spash/spash-front-debug/src/utils/drawing/padel/processPadelMainLayer.ts", "TypeScript", 71, 0, 0, 0, 0, 0, 0, 0, 0, 0, 0, 4, 75
"/Users/remy_mac/Desktop/Code/Spash/spash-front-debug/src/utils/drawing/padel/processPadelPersistenLayer.ts", "TypeScript", 91, 0, 0, 0, 0, 0, 0, 0, 0, 0, 0, 1, 92
"/Users/remy_mac/Desktop/Code/Spash/spash-front-debug/src/utils/drawing/padel/radar/drawBounceOnRadar.ts", "TypeScript", 42, 0, 0, 0, 0, 0, 0, 0, 0, 0, 0, 9, 51
"/Users/remy_mac/Desktop/Code/Spash/spash-front-debug/src/utils/drawing/padel/radar/drawRadarDistance.ts", "TypeScript", 46, 0, 0, 0, 0, 0, 0, 0, 0, 0, 0, 11, 57
"/Users/remy_mac/Desktop/Code/Spash/spash-front-debug/src/utils/drawing/padel/zones/drawDivorceZones.ts", "TypeScript", 66, 0, 0, 0, 0, 0, 0, 0, 0, 0, 0, 13, 79
"/Users/remy_mac/Desktop/Code/Spash/spash-front-debug/src/utils/drawing/padel/zones/drawSafeBallZones.ts", "TypeScript", 66, 0, 0, 0, 0, 0, 0, 0, 0, 0, 0, 13, 79
"/Users/remy_mac/Desktop/Code/Spash/spash-front-debug/src/utils/drawing/padel/zones/drawTopLobZones.ts", "TypeScript", 66, 0, 0, 0, 0, 0, 0, 0, 0, 0, 0, 13, 79
"/Users/remy_mac/Desktop/Code/Spash/spash-front-debug/src/utils/drawing/performance.ts", "TypeScript", 24, 0, 0, 0, 0, 0, 0, 0, 0, 0, 0, 4, 28
"/Users/remy_mac/Desktop/Code/Spash/spash-front-debug/src/utils/fetchFiles.ts", "TypeScript", 50, 0, 0, 0, 0, 0, 0, 0, 0, 0, 0, 7, 57
"/Users/remy_mac/Desktop/Code/Spash/spash-front-debug/src/utils/fetchHomography.ts", "TypeScript", 25, 0, 0, 0, 0, 0, 0, 0, 0, 0, 0, 2, 27
"/Users/remy_mac/Desktop/Code/Spash/spash-front-debug/src/utils/fetchVideoData.ts", "TypeScript", 37, 0, 0, 0, 0, 0, 0, 0, 0, 0, 0, 6, 43
"/Users/remy_mac/Desktop/Code/Spash/spash-front-debug/src/utils/formatTime.ts", "TypeScript", 5, 0, 0, 0, 0, 0, 0, 0, 0, 0, 0, 0, 5
"/Users/remy_mac/Desktop/Code/Spash/spash-front-debug/src/utils/getAllPlayerId.ts", "TypeScript", 14, 0, 0, 0, 0, 0, 0, 0, 0, 0, 0, 4, 18
"/Users/remy_mac/Desktop/Code/Spash/spash-front-debug/src/utils/getNextReboundFrame.ts", "TypeScript", 9, 0, 0, 0, 0, 0, 0, 0, 0, 0, 0, 2, 11
"/Users/remy_mac/Desktop/Code/Spash/spash-front-debug/src/utils/getPlayerHits.ts", "TypeScript", 4, 0, 0, 0, 0, 0, 0, 0, 0, 0, 0, 1, 5
"/Users/remy_mac/Desktop/Code/Spash/spash-front-debug/src/utils/insertCumulativeDistances.ts", "TypeScript", 26, 0, 0, 0, 0, 0, 0, 0, 0, 0, 0, 4, 30
"/Users/remy_mac/Desktop/Code/Spash/spash-front-debug/src/utils/insertCumulativeHits.ts", "TypeScript", 87, 0, 0, 0, 0, 0, 0, 0, 0, 0, 0, 12, 99
"/Users/remy_mac/Desktop/Code/Spash/spash-front-debug/src/utils/insertIsPlaying.ts", "TypeScript", 15, 0, 0, 0, 0, 0, 0, 0, 0, 0, 0, 2, 17
"/Users/remy_mac/Desktop/Code/Spash/spash-front-debug/src/utils/statsStructure.ts", "TypeScript", 39, 0, 0, 0, 0, 0, 0, 0, 0, 0, 0, 3, 42
"/Users/remy_mac/Desktop/Code/Spash/spash-front-debug/src/utils/updateHomographyOnCanvas.ts", "TypeScript", 36, 0, 0, 0, 0, 0, 0, 0, 0, 0, 0, 4, 40
"/Users/remy_mac/Desktop/Code/Spash/spash-front-debug/src/utils/upload/calculateProgress.ts", "TypeScript", 9, 0, 0, 0, 0, 0, 0, 0, 0, 0, 0, 2, 11
"/Users/remy_mac/Desktop/Code/Spash/spash-front-debug/src/utils/upload/processDroppedFiles.ts", "TypeScript", 23, 0, 0, 0, 0, 0, 0, 0, 0, 0, 0, 3, 26
"/Users/remy_mac/Desktop/Code/Spash/spash-front-debug/src/utils/upload/uploadFile.ts", "TypeScript", 74, 0, 0, 0, 0, 0, 0, 0, 0, 0, 0, 11, 85
"/Users/remy_mac/Desktop/Code/Spash/spash-front-debug/tailwind.config.ts", "TypeScript", 78, 0, 0, 0, 0, 0, 0, 0, 0, 0, 1, 2, 81
"/Users/remy_mac/Desktop/Code/Spash/spash-front-debug/tsconfig.json", "JSON with Comments", 0, 0, 0, 0, 27, 0, 0, 0, 0, 0, 0, 1, 28
"Total", "-", 2881, 2987, 237, 18, 27, 11920, 64, 7, 43, 8, 9, 908, 19109